{"cameraMode":{"drawMode":0,"name":"Shaded","section":"Shading Mode"},"sceneLighting":true,"audioPlay":false,"sceneViewState":{"m_AlwaysRefresh":false,"showFog":true,"showSkybox":true,"showFlares":true,"showImageEffects":true,"showParticleSystems":true,"showVisualEffectGraphs":true,"m_FxEnabled":true},"in2DMode":false,"pivot":{"x":14.655203819274903,"y":0.9803743362426758,"z":30.94459342956543},"rotation":{"x":0.2011287361383438,"y":0.052863188087940219,"z":-0.0108706159517169,"w":0.9780774116516113},"size":9.887833595275879,"orthographic":false}